index,segment_type,term_years,buffer_pct,maturity_date,interim_value
S&P 500,Annual Lock,6,10,2029-09-19,8872.03
S&P 500,Annual Lock,6,10,2030-10-16,2654.25
S&P 500,Annual Lock,6,10,2031-09-17,4867.31
MSCI EAFE,Standard,6,20,2029-01-17,7120.17
MSCI EAFE,Standard,6,20,2029-05-16,6856.57
MSCI EAFE,Standard,6,20,2029-06-20,6799.75
Russell 2000,Annual Lock,6,10,2027-05-05,5704.57
Russell 2000,Annual Lock,6,10,2027-10-20,5322.55
Russell 2000,Annual Lock,6,10,2029-02-14,7244.30
MSCI EAFE,Standard,6,30,2028-10-18,8763.66
MSCI EAFE,Annual Lock,6,10,2027-12-01,3245.96
MSCI EAFE,Annual Lock,6,10,2029-02-14,6798.65
MSCI EAFE,Annual Lock,6,10,2029-05-02,6794.53
S&P 500,Step Up,1,10,2027-02-17,2595.96
S&P 500,Step Up,1,10,2027-06-30,6485.40
S&P 500,Standard,6,10,2029-03-14,9575.68
Russell 2000,Step Up,1,10,2027-02-17,4760.90
Russell 2000,Step Up,1,10,2027-04-14,6508.79
Russell 2000,Step Up,1,10,2027-06-30,6913.77
S&P 500,Standard,6,20,2027-03-03,3978.65
S&P 500,Standard,6,20,2029-01-17,4829.92
S&P 500,Standard,6,20,2029-04-18,4569.92
S&P 500,Standard,6,20,2030-11-06,6539.71
S&P 500,Standard,6,30,2029-01-03,4122.74
S&P 500,Standard,6,30,2029-04-04,5052.50
Russell 2000,Standard,6,20,2027-03-03,2563.61
Russell 2000,Standard,6,20,2027-05-19,1527.66
Russell 2000,Standard,6,20,2027-06-02,2952.75
Russell 2000,Standard,6,20,2028-01-05,5788.47
Russell 2000,Standard,6,20,2028-10-18,8012.70
Russell 2000,Standard,6,20,2029-01-17,7808.32
Russell 2000,Standard,6,20,2029-04-04,4841.03
Russell 2000,Standard,6,20,2029-05-16,7575.69
Russell 2000,Standard,6,20,2029-06-20,7286.00
Russell 2000,Standard,6,20,2029-07-18,7076.93
Russell 2000,Standard,6,30,2028-12-20,7217.24
Russell 2000,Standard,6,30,2029-01-03,3621.61
Russell 2000,Standard,6,30,2029-03-14,7511.11
Russell 2000,Standard,6,30,2029-05-02,7545.42
MSCI EAFE,Step Up,1,10,2026-10-14,5813.67
MSCI EAFE,Step Up,1,10,2027-02-17,4689.40
MSCI EAFE,Step Up,1,10,2027-05-05,7427.24
MSCI EAFE,Step Up,1,10,2027-06-02,3067.15
MSCI EAFE,Step Up,1,10,2027-06-30,6349.63
S&P 500,Dual Direction,6,10,2027-02-17,3350.49
S&P 500,Dual Direction,6,10,2028-12-06,4621.63
S&P 500,Standard,1,10,2026-08-19,3429.92
S&P 500,Standard,1,10,2026-09-02,6827.26
Russell 2000,Standard,1,10,2026-08-05,3237.42
Russell 2000,Standard,1,10,2026-08-19,3360.25
Russell 2000,Standard,1,10,2026-09-02,13693.85
Russell 2000,Standard,1,10,2026-09-16,6552.54
Russell 2000,Standard,1,10,2026-11-04,6586.35
Russell 2000,Standard,1,10,2026-11-18,11530.51
Russell 2000,Standard,1,10,2026-12-02,3254.66
Russell 2000,Standard,1,10,2027-03-03,2594.45
Russell 2000,Standard,1,10,2027-04-14,3876.34
Russell 2000,Standard,1,10,2027-06-16,2472.01
MSCI EAFE,Standard,1,10,2027-07-14,3443.35
MSCI EAFE,Standard,1,10,2026-08-05,10222.22
MSCI EAFE,Standard,1,10,2026-08-19,10252.74
MSCI EAFE,Standard,1,10,2026-09-02,6834.27
MSCI EAFE,Standard,1,10,2026-11-04,6745.53
MSCI EAFE,Standard,1,10,2026-11-18,6262.08
MSCI EAFE,Standard,1,10,2027-01-06,6107.38
MSCI EAFE,Standard,1,10,2027-03-17,4231.29
MSCI EAFE,Standard,1,10,2027-04-14,3743.47
MSCI EAFE,Standard,1,10,2027-05-19,3325.94
MSCI EAFE,Standard,1,10,2027-06-16,2599.96
NASDAQ 100,Standard,1,10,2027-07-14,12029.84
NASDAQ 100,Standard,1,10,2026-08-05,7489.23
NASDAQ 100,Standard,1,10,2026-08-19,11903.00
NASDAQ 100,Standard,1,10,2026-09-16,7896.56
NASDAQ 100,Standard,1,10,2027-01-20,4882.34
NASDAQ 100,Standard,1,10,2027-02-17,8320.20
NASDAQ 100,Standard,1,10,2027-03-03,3399.05
NASDAQ 100,Standard,1,10,2027-03-17,4817.03
NASDAQ 100,Standard,1,10,2027-05-05,8081.71
MSCI EM,Standard,1,10,2026-08-05,2940.45
MSCI EM,Standard,1,10,2027-01-20,3715.88
MSCI EM,Standard,1,10,2027-03-17,3543.12
MSCI EM,Standard,1,10,2027-04-14,3291.54
MSCI EM,Standard,1,10,2027-05-19,2942.16
MSCI EM,Standard,1,10,2027-06-02,2907.75
MSCI EM,Standard,1,10,2027-06-16,2127.31
S&P 500,Dual Direction,6,15,2027-03-03,3333.06
S&P 500,Dual Direction,6,15,2027-03-17,4962.43
S&P 500,Dual Direction,6,15,2027-04-14,4873.48
S&P 500,Dual Direction,6,15,2027-05-05,8074.26
S&P 500,Dual Direction,6,15,2027-05-19,2017.63
S&P 500,Dual Direction,6,15,2027-06-16,3129.88
S&P 500,Dual Direction,6,15,2027-07-14,3858.59
S&P 500,Dual Direction,6,15,2027-08-04,1912.69
S&P 500,Dual Direction,6,15,2027-08-18,3736.22
S&P 500,Dual Direction,6,15,2027-09-01,7399.57
S&P 500,Dual Direction,6,15,2027-10-20,7184.16
S&P 500,Dual Direction,6,15,2027-12-01,3555.58
S&P 500,Dual Direction,6,15,2028-01-05,7030.65
S&P 500,Dual Direction,6,15,2028-01-19,4510.72
S&P 500,Dual Direction,6,15,2028-10-18,10177.27
S&P 500,Dual Direction,6,15,2028-12-20,9608.58
S&P 500,Dual Direction,6,15,2029-01-17,4815.17
S&P 500,Dual Direction,6,15,2029-02-14,9191.02
S&P 500,Dual Direction,6,15,2029-03-14,9512.23
S&P 500,Dual Direction,6,15,2029-04-18,4553.96
S&P 500,Dual Direction,6,15,2029-05-02,9269.72
S&P 500,Dual Direction,6,15,2029-05-16,8982.95
S&P 500,Dual Direction,6,15,2029-06-20,8510.32
S&P 500,Dual Direction,6,15,2029-07-18,8292.36
S&P 500,Dual Direction,6,15,2030-10-16,2708.85
S&P 500,Dual Direction,6,15,2031-09-17,4978.74
S&P 500,Dual Direction,6,15,2031-10-01,4969.50
S&P 500,Dual Direction,6,20,2027-06-02,3425.65
S&P 500,Dual Direction,6,20,2027-09-15,6672.74
S&P 500,Dual Direction,6,20,2027-11-17,13127.99
S&P 500,Dual Direction,6,20,2028-12-06,8468.25
S&P 500,Dual Direction,6,20,2029-01-03,4196.35
S&P 500,Dual Direction,6,20,2029-04-04,7104.07
S&P 500,Dual Direction,6,20,2029-08-01,7985.81
S&P 500,Dual Direction,6,20,2030-11-06,6394.29
S&P 500,Enhanced Upside,6,10,2027-03-17,5387.65
S&P 500,Enhanced Upside,6,10,2027-06-16,3002.85
S&P 500,Enhanced Upside,6,10,2027-07-14,3717.63
S&P 500,Enhanced Upside,6,10,2027-08-04,1846.60
S&P 500,Enhanced Upside,6,10,2027-08-18,3685.89
S&P 500,Enhanced Upside,6,10,2028-01-19,4555.24
S&P 500,Enhanced Upside,6,10,2028-12-06,4008.15
S&P 500,Enhanced Upside,6,10,2030-10-16,2745.81
S&P 500,Enhanced Upside,6,10,2031-10-01,5022.88
